Country_Code,Country,Province_Code,Province,District_Code,District,Tehsil_Code,Tehsil
PK,Pakistan,PK1,Azad Kashmir,PK101,Bagh,PK10101,Bagh
PK,Pakistan,PK1,Azad Kashmir,PK101,Bagh,PK10102,Dhir Kot
PK,Pakistan,PK1,Azad Kashmir,PK101,Bagh,PK10103,Harighel
PK,Pakistan,PK1,Azad Kashmir,PK102,Bhimber,PK10201,Barnala
PK,Pakistan,PK1,Azad Kashmir,PK102,Bhimber,PK10202,Bhimber
PK,Pakistan,PK1,Azad Kashmir,PK102,Bhimber,PK10203,Samahni
PK,Pakistan,PK1,Azad Kashmir,PK103,Jhelum Valley,PK10301,Chikar
PK,Pakistan,PK1,Azad Kashmir,PK103,Jhelum Valley,PK10302,Hattian
PK,Pakistan,PK1,Azad Kashmir,PK103,Jhelum Valley,PK10303,Leepa
PK,Pakistan,PK1,Azad Kashmir,PK104,Haveli,PK10401,Haveli
PK,Pakistan,PK1,Azad Kashmir,PK104,Haveli,PK10402,Khurshid Abad
PK,Pakistan,PK1,Azad Kashmir,PK104,Haveli,PK10403,Mumtazabad
PK,Pakistan,PK1,Azad Kashmir,PK105,Kotli,PK10501,Charhoi
PK,Pakistan,PK1,Azad Kashmir,PK105,Kotli,PK10502,Dulliya Jattan
PK,Pakistan,PK1,Azad Kashmir,PK105,Kotli,PK10503,Fatehpur Thakiala
PK,Pakistan,PK1,Azad Kashmir,PK105,Kotli,PK10504,Khui Ratta
PK,Pakistan,PK1,Azad Kashmir,PK105,Kotli,PK10505,Kotli
PK,Pakistan,PK1,Azad Kashmir,PK105,Kotli,PK10506,Sehnsa
PK,Pakistan,PK1,Azad Kashmir,PK106,Mirpur,PK10601,Dadyal
PK,Pakistan,PK1,Azad Kashmir,PK106,Mirpur,PK10602,Mirpur
PK,Pakistan,PK1,Azad Kashmir,PK107,Muzaffarabad,PK10701,Muzaffarabad
PK,Pakistan,PK1,Azad Kashmir,PK107,Muzaffarabad,PK10702,Naseerabad
PK,Pakistan,PK1,Azad Kashmir,PK108,Neelum,PK10801,Athmuqam
PK,Pakistan,PK1,Azad Kashmir,PK108,Neelum,PK10802,Sharda
PK,Pakistan,PK1,Azad Kashmir,PK109,Poonch,PK10901,Abbaspur
PK,Pakistan,PK1,Azad Kashmir,PK109,Poonch,PK10902,Hajira
PK,Pakistan,PK1,Azad Kashmir,PK109,Poonch,PK10903,Rawalakot
PK,Pakistan,PK1,Azad Kashmir,PK109,Poonch,PK10904,Thorar
PK,Pakistan,PK1,Azad Kashmir,PK110,Sudhnoti,PK11001,Baluch
PK,Pakistan,PK1,Azad Kashmir,PK110,Sudhnoti,PK11002,Mong
PK,Pakistan,PK1,Azad Kashmir,PK110,Sudhnoti,PK11003,Pallandari
PK,Pakistan,PK1,Azad Kashmir,PK110,Sudhnoti,PK11004,Tarar Khal
PK,Pakistan,PK2,Balochistan,PK201,Awaran,PK20101,Awaran
PK,Pakistan,PK2,Balochistan,PK201,Awaran,PK20102,Jhal Jhao
PK,Pakistan,PK2,Balochistan,PK201,Awaran,PK20103,Mashkai
PK,Pakistan,PK2,Balochistan,PK201,Awaran,PK20104,Gishekore
PK,Pakistan,PK2,Balochistan,PK202,Barkhan,PK20201,Barkhan
PK,Pakistan,PK2,Balochistan,PK202,Barkhan,PK20202,Rakhni
PK,Pakistan,PK2,Balochistan,PK203,Chagai,PK20301,Dalbandin
PK,Pakistan,PK2,Balochistan,PK203,Chagai,PK20302,Nokkundi
PK,Pakistan,PK2,Balochistan,PK203,Chagai,PK20303,Taftan
PK,Pakistan,PK2,Balochistan,PK203,Chagai,PK20304,Chagai
PK,Pakistan,PK2,Balochistan,PK204,Dera Bugti,PK20401,Dera Bugti
PK,Pakistan,PK2,Balochistan,PK204,Dera Bugti,PK20402,Phelawagh
PK,Pakistan,PK2,Balochistan,PK204,Dera Bugti,PK20403,Sui
PK,Pakistan,PK2,Balochistan,PK205,Gwadar,PK20501,Gwadar
PK,Pakistan,PK2,Balochistan,PK205,Gwadar,PK20502,Jiwani
PK,Pakistan,PK2,Balochistan,PK205,Gwadar,PK20503,Ormara
PK,Pakistan,PK2,Balochistan,PK205,Gwadar,PK20504,Pasni
PK,Pakistan,PK2,Balochistan,PK205,Gwadar,PK20505,Sunster
PK,Pakistan,PK2,Balochistan,PK206,Harnai,PK20601,Harnai
PK,Pakistan,PK2,Balochistan,PK206,Harnai,PK20602,Shahrigh
PK,Pakistan,PK2,Balochistan,PK207,Jaffarabad,PK20701,Gandakha
PK,Pakistan,PK2,Balochistan,PK207,Jaffarabad,PK20702,Jhat Pat
PK,Pakistan,PK2,Balochistan,PK207,Jaffarabad,PK20703,Usta Mohammad
PK,Pakistan,PK2,Balochistan,PK208,Jhal Magsi,PK20801,Gandawa
PK,Pakistan,PK2,Balochistan,PK208,Jhal Magsi,PK20802,Jhal Magsi
PK,Pakistan,PK2,Balochistan,PK209,Kachhi,PK20901,Dhadar
PK,Pakistan,PK2,Balochistan,PK209,Kachhi,PK20902,Mach
PK,Pakistan,PK2,Balochistan,PK209,Kachhi,PK20903,Sanni
PK,Pakistan,PK2,Balochistan,PK209,Kachhi,PK20904,Balanari
PK,Pakistan,PK2,Balochistan,PK209,Kachhi,PK20905,Khattan
PK,Pakistan,PK2,Balochistan,PK210,Kalat,PK21001,Kalat
PK,Pakistan,PK2,Balochistan,PK210,Kalat,PK21002,Khaliqabad
PK,Pakistan,PK2,Balochistan,PK211,Kech,PK21101,Buleda
PK,Pakistan,PK2,Balochistan,PK211,Kech,PK21102,Dasht
PK,Pakistan,PK2,Balochistan,PK211,Kech,PK21103,Kech (Turbat)
PK,Pakistan,PK2,Balochistan,PK211,Kech,PK21104,Mand
PK,Pakistan,PK2,Balochistan,PK211,Kech,PK21105,Tump
PK,Pakistan,PK2,Balochistan,PK212,Kharan,PK21201,Kharan
PK,Pakistan,PK2,Balochistan,PK212,Kharan,PK21202,Sar Kharan
PK,Pakistan,PK2,Balochistan,PK212,Kharan,PK21203,Tomulk
PK,Pakistan,PK2,Balochistan,PK213,Khuzdar,PK21301,Khuzdar
PK,Pakistan,PK2,Balochistan,PK213,Khuzdar,PK21302,Mola
PK,Pakistan,PK2,Balochistan,PK213,Khuzdar,PK21303,Naal
PK,Pakistan,PK2,Balochistan,PK213,Khuzdar,PK21304,Wadh
PK,Pakistan,PK2,Balochistan,PK213,Khuzdar,PK21305,Zehri
PK,Pakistan,PK2,Balochistan,PK214,Killa Abdullah,PK21402,Dobandi
PK,Pakistan,PK2,Balochistan,PK214,Killa Abdullah,PK21403,Gulistan
PK,Pakistan,PK2,Balochistan,PK214,Killa Abdullah,PK21404,Killa Abdullah
PK,Pakistan,PK2,Balochistan,PK215,Killa Saifullah,PK21501,Killa Saifullah
PK,Pakistan,PK2,Balochistan,PK215,Killa Saifullah,PK21502,Muslim Bagh
PK,Pakistan,PK2,Balochistan,PK216,Kohlu,PK21601,Kahan
PK,Pakistan,PK2,Balochistan,PK216,Kohlu,PK21602,Kohlu
PK,Pakistan,PK2,Balochistan,PK216,Kohlu,PK21603,Mawand
PK,Pakistan,PK2,Balochistan,PK217,Lasbela,PK21701,Bela
PK,Pakistan,PK2,Balochistan,PK217,Lasbela,PK21702,Dureji
PK,Pakistan,PK2,Balochistan,PK217,Lasbela,PK21703,Gaddani
PK,Pakistan,PK2,Balochistan,PK217,Lasbela,PK21704,Hub
PK,Pakistan,PK2,Balochistan,PK217,Lasbela,PK21705,Kanraj
PK,Pakistan,PK2,Balochistan,PK217,Lasbela,PK21706,Sonmiani
PK,Pakistan,PK2,Balochistan,PK217,Lasbela,PK21707,Uthal
PK,Pakistan,PK2,Balochistan,PK217,Lasbela,PK21708,Lakhra
PK,Pakistan,PK2,Balochistan,PK217,Lasbela,PK21709,Lairi
PK,Pakistan,PK2,Balochistan,PK218,Lehri,PK21801,Bhag
PK,Pakistan,PK2,Balochistan,PK218,Lehri,PK21802,Lehri
PK,Pakistan,PK2,Balochistan,PK219,Loralai,PK21901,Loralai
PK,Pakistan,PK2,Balochistan,PK219,Loralai,PK21902,Mekhtar
PK,Pakistan,PK2,Balochistan,PK220,Mastung,PK22001,Dasht Spenzend
PK,Pakistan,PK2,Balochistan,PK220,Mastung,PK22002,Kirdgap
PK,Pakistan,PK2,Balochistan,PK220,Mastung,PK22003,Mastung
PK,Pakistan,PK2,Balochistan,PK221,Musakhel,PK22101,Drug
PK,Pakistan,PK2,Balochistan,PK221,Musakhel,PK22102,Kingri
PK,Pakistan,PK2,Balochistan,PK221,Musakhel,PK22103,Musakhel
PK,Pakistan,PK2,Balochistan,PK222,Nasirabad,PK22201,Chattar
PK,Pakistan,PK2,Balochistan,PK222,Nasirabad,PK22202,Dera Murad Jamali
PK,Pakistan,PK2,Balochistan,PK222,Nasirabad,PK22203,Tamboo
PK,Pakistan,PK2,Balochistan,PK223,Nushki,PK22301,Nushki
PK,Pakistan,PK2,Balochistan,PK224,Panjgur,PK22401,Gowargo
PK,Pakistan,PK2,Balochistan,PK224,Panjgur,PK22402,Jaheen Parome
PK,Pakistan,PK2,Balochistan,PK224,Panjgur,PK22403,Panjgur
PK,Pakistan,PK2,Balochistan,PK224,Panjgur,PK22404,Gichk
PK,Pakistan,PK2,Balochistan,PK225,Pishin,PK22501,Barshore
PK,Pakistan,PK2,Balochistan,PK225,Pishin,PK22502,Huramzai
PK,Pakistan,PK2,Balochistan,PK225,Pishin,PK22503,Karezat
PK,Pakistan,PK2,Balochistan,PK225,Pishin,PK22504,Pishin
PK,Pakistan,PK2,Balochistan,PK225,Pishin,PK22505,Saranan
PK,Pakistan,PK2,Balochistan,PK226,Quetta,PK22601,Panjpai
PK,Pakistan,PK2,Balochistan,PK226,Quetta,PK22602,Quetta City
PK,Pakistan,PK2,Balochistan,PK226,Quetta,PK22603,Quetta Saddar
PK,Pakistan,PK2,Balochistan,PK227,Sherani,PK22701,Sherani
PK,Pakistan,PK2,Balochistan,PK228,Sibi,PK22801,Sibi
PK,Pakistan,PK2,Balochistan,PK229,Sohbatpur,PK22901,Sohbatpur
PK,Pakistan,PK2,Balochistan,PK230,Washuk,PK23001,Mashkhel
PK,Pakistan,PK2,Balochistan,PK230,Washuk,PK23002,Basima
PK,Pakistan,PK2,Balochistan,PK230,Washuk,PK23003,Washuk
PK,Pakistan,PK2,Balochistan,PK230,Washuk,PK23004,Nag
PK,Pakistan,PK2,Balochistan,PK230,Washuk,PK23005,Shaogari
PK,Pakistan,PK2,Balochistan,PK231,Zhob,PK23101,Kakar Khurasan
PK,Pakistan,PK2,Balochistan,PK231,Zhob,PK23102,Zhob
PK,Pakistan,PK2,Balochistan,PK232,Ziarat,PK23201,Sinjawi
PK,Pakistan,PK2,Balochistan,PK232,Ziarat,PK23202,Ziarat
PK,Pakistan,PK2,Balochistan,PK233,Shaheed Sikandarabad,PK23301,Surab
PK,Pakistan,PK2,Balochistan,PK234,Duki,PK23401,Duki
PK,Pakistan,PK2,Balochistan,PK235,Chaman,PK23501,Chaman
PK,Pakistan,PK3,Gilgit Baltistan,PK301,Astore,PK30101,Astore
PK,Pakistan,PK3,Gilgit Baltistan,PK301,Astore,PK30102,Shounter
PK,Pakistan,PK3,Gilgit Baltistan,PK302,Diamir,PK30201,Chilas
PK,Pakistan,PK3,Gilgit Baltistan,PK303,Ghanche,PK30301,Daghoni
PK,Pakistan,PK3,Gilgit Baltistan,PK303,Ghanche,PK30302,Khaplu
PK,Pakistan,PK3,Gilgit Baltistan,PK303,Ghanche,PK30303,Mashabbrum
PK,Pakistan,PK3,Gilgit Baltistan,PK304,Ghizer,PK30401,Ishkoman
PK,Pakistan,PK3,Gilgit Baltistan,PK304,Ghizer,PK30402,Punial
PK,Pakistan,PK3,Gilgit Baltistan,PK305,Gilgit,PK30501,Gilgit
PK,Pakistan,PK3,Gilgit Baltistan,PK306,Hunza,PK30601,Ali Abad
PK,Pakistan,PK3,Gilgit Baltistan,PK306,Hunza,PK30602,Gojal
PK,Pakistan,PK3,Gilgit Baltistan,PK307,Skardu,PK30701,Gamba
PK,Pakistan,PK3,Gilgit Baltistan,PK307,Skardu,PK30702,Skardu
PK,Pakistan,PK3,Gilgit Baltistan,PK308,Nagar,PK30801,Nagar
PK,Pakistan,PK3,Gilgit Baltistan,PK308,Nagar,PK30802,Sikandar Abad
PK,Pakistan,PK3,Gilgit Baltistan,PK309,Kharmang,PK30901,Gultari
PK,Pakistan,PK3,Gilgit Baltistan,PK309,Kharmang,PK30902,Kharmang
PK,Pakistan,PK3,Gilgit Baltistan,PK310,Shigar,PK31001,Shigar
PK,Pakistan,PK3,Gilgit Baltistan,PK311,Darel,PK31101,Darel
PK,Pakistan,PK3,Gilgit Baltistan,PK312,Tangir,PK31201,Tangir
PK,Pakistan,PK3,Gilgit Baltistan,PK313,Gupis-Yasin,PK31301,Gupis
PK,Pakistan,PK3,Gilgit Baltistan,PK313,Gupis-Yasin,PK31302,Phandar
PK,Pakistan,PK3,Gilgit Baltistan,PK313,Gupis-Yasin,PK31303,Yasin
PK,Pakistan,PK3,Gilgit Baltistan,PK314,Rondu,PK31401,Rondu
PK,Pakistan,PK4,Islamabad,PK401,Islamabad,PK40101,Islamabad
PK,Pakistan,PK5,Khyber Pakhtunkhwa,PK501,Abbottabad,PK50101,Abbottabad
PK,Pakistan,PK5,Khyber Pakhtunkhwa,PK501,Abbottabad,PK50102,Havelian
PK,Pakistan,PK5,Khyber Pakhtunkhwa,PK501,Abbottabad,PK50103,Lora
PK,Pakistan,PK5,Khyber Pakhtunkhwa,PK501,Abbottabad,PK50104,Lower Tanawal
PK,Pakistan,PK5,Khyber Pakhtunkhwa,PK502,Bajaur,PK50201,Bar Chamarkand
PK,Pakistan,PK5,Khyber Pakhtunkhwa,PK502,Bajaur,PK50202,Barang
PK,Pakistan,PK5,Khyber Pakhtunkhwa,PK502,Bajaur,PK50203,Khar
PK,Pakistan,PK5,Khyber Pakhtunkhwa,PK502,Bajaur,PK50204,Mamund
PK,Pakistan,PK5,Khyber Pakhtunkhwa,PK502,Bajaur,PK50205,Nawagai
PK,Pakistan,PK5,Khyber Pakhtunkhwa,PK502,Bajaur,PK50206,Salarzai
PK,Pakistan,PK5,Khyber Pakhtunkhwa,PK502,Bajaur,PK50207,Utman Khel
PK,Pakistan,PK5,Khyber Pakhtunkhwa,PK503,Bannu,PK50301,Bannu
PK,Pakistan,PK5,Khyber Pakhtunkhwa,PK503,Bannu,PK50302,Baka Khel
PK,Pakistan,PK5,Khyber Pakhtunkhwa,PK503,Bannu,PK50303,Domel
PK,Pakistan,PK5,Khyber Pakhtunkhwa,PK503,Bannu,PK50304,Kakki
PK,Pakistan,PK5,Khyber Pakhtunkhwa,PK503,Bannu,PK50305,Miryan
PK,Pakistan,PK5,Khyber Pakhtunkhwa,PK503,Bannu,PK50306,Wazir
PK,Pakistan,PK5,Khyber Pakhtunkhwa,PK504,Batagram,PK50401,Allai
PK,Pakistan,PK5,Khyber Pakhtunkhwa,PK504,Batagram,PK50402,Batagram
PK,Pakistan,PK5,Khyber Pakhtunkhwa,PK505,Buner,PK50501,Daggar
PK,Pakistan,PK5,Khyber Pakhtunkhwa,PK505,Buner,PK50502,Gagra
PK,Pakistan,PK5,Khyber Pakhtunkhwa,PK505,Buner,PK50503,Khado Khel
PK,Pakistan,PK5,Khyber Pakhtunkhwa,PK505,Buner,PK50504,Mandanr
PK,Pakistan,PK5,Khyber Pakhtunkhwa,PK506,Charsadda,PK50601,Charsadda
PK,Pakistan,PK5,Khyber Pakhtunkhwa,PK506,Charsadda,PK50602,Shabqadar
PK,Pakistan,PK5,Khyber Pakhtunkhwa,PK506,Charsadda,PK50603,Tangi
PK,Pakistan,PK5,Khyber Pakhtunkhwa,PK507,Chitral Lower,PK50701,Chitral
PK,Pakistan,PK5,Khyber Pakhtunkhwa,PK507,Chitral Lower,PK50702,Drosh
PK,Pakistan,PK5,Khyber Pakhtunkhwa,PK507,Chitral Lower,PK50703,Lotkoh
PK,Pakistan,PK5,Khyber Pakhtunkhwa,PK508,Chitral Upper,PK50801,Mastuj
PK,Pakistan,PK5,Khyber Pakhtunkhwa,PK508,Chitral Upper,PK50802,Mulkhow
PK,Pakistan,PK5,Khyber Pakhtunkhwa,PK509,D. I. Khan,PK50901,D. I. Khan
PK,Pakistan,PK5,Khyber Pakhtunkhwa,PK509,D. I. Khan,PK50902,Daraban
PK,Pakistan,PK5,Khyber Pakhtunkhwa,PK509,D. I. Khan,PK50903,Kulachi
PK,Pakistan,PK5,Khyber Pakhtunkhwa,PK509,D. I. Khan,PK50904,Paharpur
PK,Pakistan,PK5,Khyber Pakhtunkhwa,PK509,D. I. Khan,PK50905,Paroa
PK,Pakistan,PK5,Khyber Pakhtunkhwa,PK509,D. I. Khan,PK50906,Darazinda
PK,Pakistan,PK5,Khyber Pakhtunkhwa,PK510,Hangu,PK51001,Hangu
PK,Pakistan,PK5,Khyber Pakhtunkhwa,PK510,Hangu,PK51002,Tall
PK,Pakistan,PK5,Khyber Pakhtunkhwa,PK511,Haripur,PK51101,Ghazi
PK,Pakistan,PK5,Khyber Pakhtunkhwa,PK511,Haripur,PK51102,Haripur
PK,Pakistan,PK5,Khyber Pakhtunkhwa,PK511,Haripur,PK51103,Khanpur
PK,Pakistan,PK5,Khyber Pakhtunkhwa,PK512,Karak,PK51201,Banda Daud Shah
PK,Pakistan,PK5,Khyber Pakhtunkhwa,PK512,Karak,PK51202,Karak
PK,Pakistan,PK5,Khyber Pakhtunkhwa,PK512,Karak,PK51203,Takht-E-Nasrati
PK,Pakistan,PK5,Khyber Pakhtunkhwa,PK513,Khyber,PK51301,Bara
PK,Pakistan,PK5,Khyber Pakhtunkhwa,PK513,Khyber,PK51302,Jamrud
PK,Pakistan,PK5,Khyber Pakhtunkhwa,PK513,Khyber,PK51303,Landi Kotal
PK,Pakistan,PK5,Khyber Pakhtunkhwa,PK513,Khyber,PK51304,Mulagori
PK,Pakistan,PK5,Khyber Pakhtunkhwa,PK514,Kohat,PK51401,Kohat
PK,Pakistan,PK5,Khyber Pakhtunkhwa,PK514,Kohat,PK51402,Lachi
PK,Pakistan,PK5,Khyber Pakhtunkhwa,PK514,Kohat,PK51403,Gumbat
PK,Pakistan,PK5,Khyber Pakhtunkhwa,PK514,Kohat,PK51404,Darra Adam Khel
PK,Pakistan,PK5,Khyber Pakhtunkhwa,PK515,Kohistan Lower,PK51501,Pattan
PK,Pakistan,PK5,Khyber Pakhtunkhwa,PK515,Kohistan Lower,PK51502,Bankad
PK,Pakistan,PK5,Khyber Pakhtunkhwa,PK516,Kohistan Upper,PK51601,Dassu
PK,Pakistan,PK5,Khyber Pakhtunkhwa,PK516,Kohistan Upper,PK51602,Kandia
PK,Pakistan,PK5,Khyber Pakhtunkhwa,PK516,Kohistan Upper,PK51603,Harban Basha
PK,Pakistan,PK5,Khyber Pakhtunkhwa,PK516,Kohistan Upper,PK51604,Seo
PK,Pakistan,PK5,Khyber Pakhtunkhwa,PK517,Kolai Palas Kohistan,PK51701,Palas
PK,Pakistan,PK5,Khyber Pakhtunkhwa,PK517,Kolai Palas Kohistan,PK51702,Battera Kolai
PK,Pakistan,PK5,Khyber Pakhtunkhwa,PK518,Kurram,PK51801,Central Kurram
PK,Pakistan,PK5,Khyber Pakhtunkhwa,PK518,Kurram,PK51802,Lower Kurram
PK,Pakistan,PK5,Khyber Pakhtunkhwa,PK518,Kurram,PK51803,Upper Kurram
PK,Pakistan,PK5,Khyber Pakhtunkhwa,PK519,Lakki Marwat,PK51901,Lakki Marwat
PK,Pakistan,PK5,Khyber Pakhtunkhwa,PK519,Lakki Marwat,PK51902,Sarai Naurang
PK,Pakistan,PK5,Khyber Pakhtunkhwa,PK519,Lakki Marwat,PK51903,Bettani
PK,Pakistan,PK5,Khyber Pakhtunkhwa,PK520,Lower Dir,PK52001,Adenzai
PK,Pakistan,PK5,Khyber Pakhtunkhwa,PK520,Lower Dir,PK52002,Balambat
PK,Pakistan,PK5,Khyber Pakhtunkhwa,PK520,Lower Dir,PK52003,Lalqila
PK,Pakistan,PK5,Khyber Pakhtunkhwa,PK520,Lower Dir,PK52004,Munda
PK,Pakistan,PK5,Khyber Pakhtunkhwa,PK520,Lower Dir,PK52005,Samarbagh
PK,Pakistan,PK5,Khyber Pakhtunkhwa,PK520,Lower Dir,PK52006,Timergara
PK,Pakistan,PK5,Khyber Pakhtunkhwa,PK521,Malakand,PK52101,Bat Khela
PK,Pakistan,PK5,Khyber Pakhtunkhwa,PK521,Malakand,PK52102,Dargai
PK,Pakistan,PK5,Khyber Pakhtunkhwa,PK522,Mansehra,PK52201,Bala Kot
PK,Pakistan,PK5,Khyber Pakhtunkhwa,PK522,Mansehra,PK52202,Mansehra
PK,Pakistan,PK5,Khyber Pakhtunkhwa,PK522,Mansehra,PK52203,Oghi
PK,Pakistan,PK5,Khyber Pakhtunkhwa,PK522,Mansehra,PK52204,Baffa Pakhal
PK,Pakistan,PK5,Khyber Pakhtunkhwa,PK522,Mansehra,PK52205,Darband
PK,Pakistan,PK5,Khyber Pakhtunkhwa,PK523,Mardan,PK52301,Katlang
PK,Pakistan,PK5,Khyber Pakhtunkhwa,PK523,Mardan,PK52302,Mardan
PK,Pakistan,PK5,Khyber Pakhtunkhwa,PK523,Mardan,PK52303,Takht Bhai
PK,Pakistan,PK5,Khyber Pakhtunkhwa,PK523,Mardan,PK52304,Rustam
PK,Pakistan,PK5,Khyber Pakhtunkhwa,PK523,Mardan,PK52305,Garhi Kapura
PK,Pakistan,PK5,Khyber Pakhtunkhwa,PK524,Mohmand,PK52401,Ambar
PK,Pakistan,PK5,Khyber Pakhtunkhwa,PK524,Mohmand,PK52402,Baizai
PK,Pakistan,PK5,Khyber Pakhtunkhwa,PK524,Mohmand,PK52403,Halimzai
PK,Pakistan,PK5,Khyber Pakhtunkhwa,PK524,Mohmand,PK52404,Khwazai
PK,Pakistan,PK5,Khyber Pakhtunkhwa,PK524,Mohmand,PK52405,Pandiali
PK,Pakistan,PK5,Khyber Pakhtunkhwa,PK524,Mohmand,PK52406,Prang Ghar
PK,Pakistan,PK5,Khyber Pakhtunkhwa,PK524,Mohmand,PK52407,Safi
PK,Pakistan,PK5,Khyber Pakhtunkhwa,PK524,Mohmand,PK52408,Yaka Ghund
PK,Pakistan,PK5,Khyber Pakhtunkhwa,PK525,North Waziristan,PK52501,Data Khel
PK,Pakistan,PK5,Khyber Pakhtunkhwa,PK525,North Waziristan,PK52502,Dossali
PK,Pakistan,PK5,Khyber Pakhtunkhwa,PK525,North Waziristan,PK52503,Garyum
PK,Pakistan,PK5,Khyber Pakhtunkhwa,PK525,North Waziristan,PK52504,Ghulam Khan
PK,Pakistan,PK5,Khyber Pakhtunkhwa,PK525,North Waziristan,PK52505,Mir Ali
PK,Pakistan,PK5,Khyber Pakhtunkhwa,PK525,North Waziristan,PK52506,Miran Shah
PK,Pakistan,PK5,Khyber Pakhtunkhwa,PK525,North Waziristan,PK52507,Razmak
PK,Pakistan,PK5,Khyber Pakhtunkhwa,PK525,North Waziristan,PK52508,Shewa
PK,Pakistan,PK5,Khyber Pakhtunkhwa,PK525,North Waziristan,PK52509,Spinwam
PK,Pakistan,PK5,Khyber Pakhtunkhwa,PK525,North Waziristan,PK52510,Shawal
PK,Pakistan,PK5,Khyber Pakhtunkhwa,PK526,Nowshera,PK52601,Nowshera
PK,Pakistan,PK5,Khyber Pakhtunkhwa,PK526,Nowshera,PK52602,Pabbi
PK,Pakistan,PK5,Khyber Pakhtunkhwa,PK526,Nowshera,PK52603,Jehangira
PK,Pakistan,PK5,Khyber Pakhtunkhwa,PK527,Orakzai,PK52701,Central Orakzai
PK,Pakistan,PK5,Khyber Pakhtunkhwa,PK527,Orakzai,PK52702,Ismailzai
PK,Pakistan,PK5,Khyber Pakhtunkhwa,PK527,Orakzai,PK52703,Lower Orakzai
PK,Pakistan,PK5,Khyber Pakhtunkhwa,PK527,Orakzai,PK52704,Upper Orakzai
PK,Pakistan,PK5,Khyber Pakhtunkhwa,PK528,Peshawar,PK52801,Town-I
PK,Pakistan,PK5,Khyber Pakhtunkhwa,PK528,Peshawar,PK52802,Town-Ii
PK,Pakistan,PK5,Khyber Pakhtunkhwa,PK528,Peshawar,PK52803,Town-Iii
PK,Pakistan,PK5,Khyber Pakhtunkhwa,PK528,Peshawar,PK52804,Town-Iv
PK,Pakistan,PK5,Khyber Pakhtunkhwa,PK528,Peshawar,PK52805,Hassan Khel
PK,Pakistan,PK5,Khyber Pakhtunkhwa,PK529,Shangla,PK52901,Alpuri
PK,Pakistan,PK5,Khyber Pakhtunkhwa,PK529,Shangla,PK52902,Bisham
PK,Pakistan,PK5,Khyber Pakhtunkhwa,PK529,Shangla,PK52903,Chakisar
PK,Pakistan,PK5,Khyber Pakhtunkhwa,PK529,Shangla,PK52904,Makhuzai
PK,Pakistan,PK5,Khyber Pakhtunkhwa,PK529,Shangla,PK52905,Martoong
PK,Pakistan,PK5,Khyber Pakhtunkhwa,PK529,Shangla,PK52906,Puran
PK,Pakistan,PK5,Khyber Pakhtunkhwa,PK530,South Waziristan,PK53001,Birmal
PK,Pakistan,PK5,Khyber Pakhtunkhwa,PK530,South Waziristan,PK53002,Ladha
PK,Pakistan,PK5,Khyber Pakhtunkhwa,PK530,South Waziristan,PK53003,Makin
PK,Pakistan,PK5,Khyber Pakhtunkhwa,PK530,South Waziristan,PK53004,Sararogha
PK,Pakistan,PK5,Khyber Pakhtunkhwa,PK530,South Waziristan,PK53005,Serwakai
PK,Pakistan,PK5,Khyber Pakhtunkhwa,PK530,South Waziristan,PK53006,Tiarza
PK,Pakistan,PK5,Khyber Pakhtunkhwa,PK530,South Waziristan,PK53007,Toi Khulla
PK,Pakistan,PK5,Khyber Pakhtunkhwa,PK530,South Waziristan,PK53008,Wana
PK,Pakistan,PK5,Khyber Pakhtunkhwa,PK531,Swabi,PK53101,Lahor
PK,Pakistan,PK5,Khyber Pakhtunkhwa,PK531,Swabi,PK53102,Swabi
PK,Pakistan,PK5,Khyber Pakhtunkhwa,PK531,Swabi,PK53103,Topi
PK,Pakistan,PK5,Khyber Pakhtunkhwa,PK531,Swabi,PK53104,Razar
PK,Pakistan,PK5,Khyber Pakhtunkhwa,PK532,Swat,PK53201,Babuzai
PK,Pakistan,PK5,Khyber Pakhtunkhwa,PK532,Swat,PK53202,Bahrain
PK,Pakistan,PK5,Khyber Pakhtunkhwa,PK532,Swat,PK53203,Barikot
PK,Pakistan,PK5,Khyber Pakhtunkhwa,PK532,Swat,PK53204,Charbagh
PK,Pakistan,PK5,Khyber Pakhtunkhwa,PK532,Swat,PK53205,Kabal
PK,Pakistan,PK5,Khyber Pakhtunkhwa,PK532,Swat,PK53206,Kalam
PK,Pakistan,PK5,Khyber Pakhtunkhwa,PK532,Swat,PK53207,Khwaza Khela
PK,Pakistan,PK5,Khyber Pakhtunkhwa,PK532,Swat,PK53208,Matta Kharirai
PK,Pakistan,PK5,Khyber Pakhtunkhwa,PK532,Swat,PK53209,Matta Sebujni
PK,Pakistan,PK5,Khyber Pakhtunkhwa,PK533,Tank,PK53301,Tank
PK,Pakistan,PK5,Khyber Pakhtunkhwa,PK533,Tank,PK53302,Jandola
PK,Pakistan,PK5,Khyber Pakhtunkhwa,PK534,Tor Ghar,PK53401,Judba
PK,Pakistan,PK5,Khyber Pakhtunkhwa,PK534,Tor Ghar,PK53402,Khander
PK,Pakistan,PK5,Khyber Pakhtunkhwa,PK535,Upper Dir,PK53501,Barawal
PK,Pakistan,PK5,Khyber Pakhtunkhwa,PK535,Upper Dir,PK53502,Dir
PK,Pakistan,PK5,Khyber Pakhtunkhwa,PK535,Upper Dir,PK53503,Kalkot
PK,Pakistan,PK5,Khyber Pakhtunkhwa,PK535,Upper Dir,PK53504,Khall
PK,Pakistan,PK5,Khyber Pakhtunkhwa,PK535,Upper Dir,PK53505,Shrengal
PK,Pakistan,PK5,Khyber Pakhtunkhwa,PK535,Upper Dir,PK53506,Wari
PK,Pakistan,PK5,Khyber Pakhtunkhwa,PK535,Upper Dir,PK53507,Larjam
PK,Pakistan,PK6,Punjab,PK601,Attock,PK60101,Attock
PK,Pakistan,PK6,Punjab,PK601,Attock,PK60102,Fateh Jang
PK,Pakistan,PK6,Punjab,PK601,Attock,PK60103,Hasan Abdal
PK,Pakistan,PK6,Punjab,PK601,Attock,PK60104,Hazro
PK,Pakistan,PK6,Punjab,PK601,Attock,PK60105,Jand
PK,Pakistan,PK6,Punjab,PK601,Attock,PK60106,Pindi Gheb
PK,Pakistan,PK6,Punjab,PK602,Bahawalnagar,PK60201,Bahawalnagar
PK,Pakistan,PK6,Punjab,PK602,Bahawalnagar,PK60202,Chishtian
PK,Pakistan,PK6,Punjab,PK602,Bahawalnagar,PK60203,Fort Abbas
PK,Pakistan,PK6,Punjab,PK602,Bahawalnagar,PK60204,Haroonabad
PK,Pakistan,PK6,Punjab,PK602,Bahawalnagar,PK60205,Minchinabad
PK,Pakistan,PK6,Punjab,PK603,Bahawalpur,PK60301,Ahmadpur East
PK,Pakistan,PK6,Punjab,PK603,Bahawalpur,PK60302,Bahawalpur
PK,Pakistan,PK6,Punjab,PK603,Bahawalpur,PK60303,Hasilpur
PK,Pakistan,PK6,Punjab,PK603,Bahawalpur,PK60304,Khairpur Tamewali
PK,Pakistan,PK6,Punjab,PK603,Bahawalpur,PK60305,Yazman
PK,Pakistan,PK6,Punjab,PK604,Bhakkar,PK60401,Bhakkar
PK,Pakistan,PK6,Punjab,PK604,Bhakkar,PK60402,Darya Khan
PK,Pakistan,PK6,Punjab,PK604,Bhakkar,PK60403,Kalur Kot
PK,Pakistan,PK6,Punjab,PK604,Bhakkar,PK60404,Mankera
PK,Pakistan,PK6,Punjab,PK605,Chakwal,PK60501,Chakwal
PK,Pakistan,PK6,Punjab,PK605,Chakwal,PK60502,Choa Saidan Shah
PK,Pakistan,PK6,Punjab,PK605,Chakwal,PK60503,Kallar Kahar
PK,Pakistan,PK6,Punjab,PK605,Chakwal,PK60504,Tala Gang
PK,Pakistan,PK6,Punjab,PK606,Chiniot,PK60601,Bhawana
PK,Pakistan,PK6,Punjab,PK606,Chiniot,PK60602,Chiniot
PK,Pakistan,PK6,Punjab,PK606,Chiniot,PK60603,Lalian
PK,Pakistan,PK6,Punjab,PK607,Dera Ghazi Khan,PK60701,D.G Khan (Tribal Area)
PK,Pakistan,PK6,Punjab,PK607,Dera Ghazi Khan,PK60702,Dera Ghazi Khan
PK,Pakistan,PK6,Punjab,PK607,Dera Ghazi Khan,PK60703,Kot Chatta
PK,Pakistan,PK6,Punjab,PK607,Dera Ghazi Khan,PK60704,Taunsa
PK,Pakistan,PK6,Punjab,PK608,Faisalabad,PK60801,Chak Jhumra
PK,Pakistan,PK6,Punjab,PK608,Faisalabad,PK60802,Faisalabad City
PK,Pakistan,PK6,Punjab,PK608,Faisalabad,PK60803,Faisalabad Sadar
PK,Pakistan,PK6,Punjab,PK608,Faisalabad,PK60804,Jaranwala
PK,Pakistan,PK6,Punjab,PK608,Faisalabad,PK60805,Summundri
PK,Pakistan,PK6,Punjab,PK608,Faisalabad,PK60806,Tandlian Wala
PK,Pakistan,PK6,Punjab,PK609,Gujranwala,PK60901,Gujranwala
PK,Pakistan,PK6,Punjab,PK609,Gujranwala,PK60902,Kamoke
PK,Pakistan,PK6,Punjab,PK609,Gujranwala,PK60903,Nowshera Virkan
PK,Pakistan,PK6,Punjab,PK609,Gujranwala,PK60904,Wazirabad
PK,Pakistan,PK6,Punjab,PK610,Gujrat,PK61001,Gujrat
PK,Pakistan,PK6,Punjab,PK610,Gujrat,PK61002,Kharian
PK,Pakistan,PK6,Punjab,PK610,Gujrat,PK61003,Sarai Alamgir
PK,Pakistan,PK6,Punjab,PK611,Hafizabad,PK61101,Hafizabad
PK,Pakistan,PK6,Punjab,PK611,Hafizabad,PK61102,Pindi Bhattian
PK,Pakistan,PK6,Punjab,PK612,Jhang,PK61201,Ahmadpur Sial
PK,Pakistan,PK6,Punjab,PK612,Jhang,PK61202,Jhang
PK,Pakistan,PK6,Punjab,PK612,Jhang,PK61203,Shorkot
PK,Pakistan,PK6,Punjab,PK612,Jhang,PK61204,Athara Hazari
PK,Pakistan,PK6,Punjab,PK613,Jhelum,PK61301,Dina
PK,Pakistan,PK6,Punjab,PK613,Jhelum,PK61302,Jhelum
PK,Pakistan,PK6,Punjab,PK613,Jhelum,PK61303,Pind Dadan Khan
PK,Pakistan,PK6,Punjab,PK613,Jhelum,PK61304,Sohawa
PK,Pakistan,PK6,Punjab,PK614,Kasur,PK61401,Chunian
PK,Pakistan,PK6,Punjab,PK614,Kasur,PK61402,Kasur
PK,Pakistan,PK6,Punjab,PK614,Kasur,PK61403,Kot Radha Kishen
PK,Pakistan,PK6,Punjab,PK614,Kasur,PK61404,Pattoki
PK,Pakistan,PK6,Punjab,PK615,Khanewal,PK61501,Jahanian
PK,Pakistan,PK6,Punjab,PK615,Khanewal,PK61502,Kabirwala
PK,Pakistan,PK6,Punjab,PK615,Khanewal,PK61503,Khanewal
PK,Pakistan,PK6,Punjab,PK615,Khanewal,PK61504,Mian Channu
PK,Pakistan,PK6,Punjab,PK616,Khushab,PK61601,Khushab
PK,Pakistan,PK6,Punjab,PK616,Khushab,PK61602,Naushera
PK,Pakistan,PK6,Punjab,PK616,Khushab,PK61603,Noorpur
PK,Pakistan,PK6,Punjab,PK616,Khushab,PK61604,Quaidabad
PK,Pakistan,PK6,Punjab,PK617,Lahore,PK61701,Lahore Cantt
PK,Pakistan,PK6,Punjab,PK617,Lahore,PK61702,Lahore City
PK,Pakistan,PK6,Punjab,PK618,Leiah,PK61801,Choubara
PK,Pakistan,PK6,Punjab,PK618,Leiah,PK61802,Karor Lal Esan
PK,Pakistan,PK6,Punjab,PK618,Leiah,PK61803,Leiah
PK,Pakistan,PK6,Punjab,PK619,Lodhran,PK61901,Dunyapur
PK,Pakistan,PK6,Punjab,PK619,Lodhran,PK61902,Kahror Pacca
PK,Pakistan,PK6,Punjab,PK619,Lodhran,PK61903,Lodhran
PK,Pakistan,PK6,Punjab,PK620,Mandi Bahauddin,PK62001,Malakwal
PK,Pakistan,PK6,Punjab,PK620,Mandi Bahauddin,PK62002,Mandi Bahauddin
PK,Pakistan,PK6,Punjab,PK620,Mandi Bahauddin,PK62003,Phalia
PK,Pakistan,PK6,Punjab,PK621,Mianwali,PK62101,Isakhel
PK,Pakistan,PK6,Punjab,PK621,Mianwali,PK62102,Mianwali
PK,Pakistan,PK6,Punjab,PK621,Mianwali,PK62103,Piplan
PK,Pakistan,PK6,Punjab,PK622,Multan,PK62201,Jalalpur Pirwala
PK,Pakistan,PK6,Punjab,PK622,Multan,PK62202,Multan City
PK,Pakistan,PK6,Punjab,PK622,Multan,PK62203,Multan Saddar
PK,Pakistan,PK6,Punjab,PK622,Multan,PK62204,Shujabad
PK,Pakistan,PK6,Punjab,PK623,Muzaffargarh,PK62301,Alipur
PK,Pakistan,PK6,Punjab,PK623,Muzaffargarh,PK62302,Jatoi
PK,Pakistan,PK6,Punjab,PK623,Muzaffargarh,PK62303,Kot Addu
PK,Pakistan,PK6,Punjab,PK623,Muzaffargarh,PK62304,Muzaffargarh
PK,Pakistan,PK6,Punjab,PK624,Nankana Sahib,PK62401,Nankana Sahib
PK,Pakistan,PK6,Punjab,PK624,Nankana Sahib,PK62402,Sangla Hill
PK,Pakistan,PK6,Punjab,PK624,Nankana Sahib,PK62403,Shah Kot
PK,Pakistan,PK6,Punjab,PK625,Narowal,PK62501,Narowal
PK,Pakistan,PK6,Punjab,PK625,Narowal,PK62502,Shakargarh
PK,Pakistan,PK6,Punjab,PK625,Narowal,PK62503,Zafarwal
PK,Pakistan,PK6,Punjab,PK626,Okara,PK62601,Depalpur
PK,Pakistan,PK6,Punjab,PK626,Okara,PK62602,Okara
PK,Pakistan,PK6,Punjab,PK626,Okara,PK62603,Renala Khurd
PK,Pakistan,PK6,Punjab,PK627,Pakpattan,PK62701,Arif Wala
PK,Pakistan,PK6,Punjab,PK627,Pakpattan,PK62702,Pakpattan
PK,Pakistan,PK6,Punjab,PK628,Rahim Yar Khan,PK62801,Khanpur
PK,Pakistan,PK6,Punjab,PK628,Rahim Yar Khan,PK62802,Liaqatpur
PK,Pakistan,PK6,Punjab,PK628,Rahim Yar Khan,PK62803,Rahim Yar Khan
PK,Pakistan,PK6,Punjab,PK628,Rahim Yar Khan,PK62804,Sadiqabad
PK,Pakistan,PK6,Punjab,PK629,Rajanpur,PK62901,Jampur
PK,Pakistan,PK6,Punjab,PK629,Rajanpur,PK62902,Rajanpur
PK,Pakistan,PK6,Punjab,PK629,Rajanpur,PK62903,Rajanpur (Tribal Area)
PK,Pakistan,PK6,Punjab,PK629,Rajanpur,PK62904,Rojhan
PK,Pakistan,PK6,Punjab,PK630,Rawalpindi,PK63001,Gujar Khan
PK,Pakistan,PK6,Punjab,PK630,Rawalpindi,PK63002,Kahuta
PK,Pakistan,PK6,Punjab,PK630,Rawalpindi,PK63003,Kallar Sayaddan
PK,Pakistan,PK6,Punjab,PK630,Rawalpindi,PK63004,Kotli Sattian
PK,Pakistan,PK6,Punjab,PK630,Rawalpindi,PK63005,Murree
PK,Pakistan,PK6,Punjab,PK630,Rawalpindi,PK63006,Rawalpindi
PK,Pakistan,PK6,Punjab,PK630,Rawalpindi,PK63007,Taxila
PK,Pakistan,PK6,Punjab,PK631,Sahiwal,PK63101,Chichawatni
PK,Pakistan,PK6,Punjab,PK631,Sahiwal,PK63102,Sahiwal
PK,Pakistan,PK6,Punjab,PK632,Sargodha,PK63201,Bhalwal
PK,Pakistan,PK6,Punjab,PK632,Sargodha,PK63202,Kot Momin
PK,Pakistan,PK6,Punjab,PK632,Sargodha,PK63203,Sahiwal
PK,Pakistan,PK6,Punjab,PK632,Sargodha,PK63204,Sargodha
PK,Pakistan,PK6,Punjab,PK632,Sargodha,PK63205,Shahpur
PK,Pakistan,PK6,Punjab,PK632,Sargodha,PK63206,Sillanwali
PK,Pakistan,PK6,Punjab,PK632,Sargodha,PK63207,Bhera
PK,Pakistan,PK6,Punjab,PK633,Sheikhupura,PK63301,Ferozewala
PK,Pakistan,PK6,Punjab,PK633,Sheikhupura,PK63302,Muridke
PK,Pakistan,PK6,Punjab,PK633,Sheikhupura,PK63303,Safdarabad
PK,Pakistan,PK6,Punjab,PK633,Sheikhupura,PK63304,Sharak Pur
PK,Pakistan,PK6,Punjab,PK633,Sheikhupura,PK63305,Sheikhupura
PK,Pakistan,PK6,Punjab,PK634,Sialkot,PK63401,Daska
PK,Pakistan,PK6,Punjab,PK634,Sialkot,PK63402,Pasrur
PK,Pakistan,PK6,Punjab,PK634,Sialkot,PK63403,Sambrial
PK,Pakistan,PK6,Punjab,PK634,Sialkot,PK63404,Sialkot
PK,Pakistan,PK6,Punjab,PK635,Toba Tek Singh,PK63501,Gojra
PK,Pakistan,PK6,Punjab,PK635,Toba Tek Singh,PK63502,Kamalia
PK,Pakistan,PK6,Punjab,PK635,Toba Tek Singh,PK63503,Toba Tek Singh
PK,Pakistan,PK6,Punjab,PK635,Toba Tek Singh,PK63504,Pir Mahal
PK,Pakistan,PK6,Punjab,PK636,Vehari,PK63601,Burewala
PK,Pakistan,PK6,Punjab,PK636,Vehari,PK63602,Mailsi
PK,Pakistan,PK6,Punjab,PK636,Vehari,PK63603,Vehari
PK,Pakistan,PK7,Sindh,PK701,Badin,PK70101,Badin
PK,Pakistan,PK7,Sindh,PK701,Badin,PK70102,Matli
PK,Pakistan,PK7,Sindh,PK701,Badin,PK70103,Shaheed Fazil Rahu
PK,Pakistan,PK7,Sindh,PK701,Badin,PK70104,Talhar
PK,Pakistan,PK7,Sindh,PK701,Badin,PK70105,Tando Bago
PK,Pakistan,PK7,Sindh,PK702,Central Karachi,PK70201,Gulberg Town
PK,Pakistan,PK7,Sindh,PK702,Central Karachi,PK70202,Liaqatabad Town
PK,Pakistan,PK7,Sindh,PK702,Central Karachi,PK70203,New Karachi Town
PK,Pakistan,PK7,Sindh,PK702,Central Karachi,PK70204,North Nazimabad Town
PK,Pakistan,PK7,Sindh,PK703,Dadu,PK70301,Dadu
PK,Pakistan,PK7,Sindh,PK703,Dadu,PK70302,Johi
PK,Pakistan,PK7,Sindh,PK703,Dadu,PK70303,Khairpur Nathan Shah
PK,Pakistan,PK7,Sindh,PK703,Dadu,PK70304,Mehar
PK,Pakistan,PK7,Sindh,PK704,East Karachi,PK70401,Gulshan Iqbal Town
PK,Pakistan,PK7,Sindh,PK704,East Karachi,PK70402,Jamshaid Town
PK,Pakistan,PK7,Sindh,PK705,Ghotki,PK70501,Daharki
PK,Pakistan,PK7,Sindh,PK705,Ghotki,PK70502,Ghotki
PK,Pakistan,PK7,Sindh,PK705,Ghotki,PK70503,Khangarh
PK,Pakistan,PK7,Sindh,PK705,Ghotki,PK70504,Mirpur Mathelo
PK,Pakistan,PK7,Sindh,PK705,Ghotki,PK70505,Ubauro
PK,Pakistan,PK7,Sindh,PK706,Hyderabad,PK70601,Hyderabad
PK,Pakistan,PK7,Sindh,PK706,Hyderabad,PK70602,Hyderabad City
PK,Pakistan,PK7,Sindh,PK706,Hyderabad,PK70603,Latifabad
PK,Pakistan,PK7,Sindh,PK706,Hyderabad,PK70604,Qasimabad
PK,Pakistan,PK7,Sindh,PK707,Jacobabad,PK70701,Garhi Khairo
PK,Pakistan,PK7,Sindh,PK707,Jacobabad,PK70702,Jacobabad
PK,Pakistan,PK7,Sindh,PK707,Jacobabad,PK70703,Thul
PK,Pakistan,PK7,Sindh,PK708,Jamshoro,PK70801,Kotri
PK,Pakistan,PK7,Sindh,PK708,Jamshoro,PK70802,Manjhand
PK,Pakistan,PK7,Sindh,PK708,Jamshoro,PK70803,Sehwan Sharif
PK,Pakistan,PK7,Sindh,PK708,Jamshoro,PK70804,Thano Bula Khan
PK,Pakistan,PK7,Sindh,PK709,Kambar Shahdad Kot,PK70901,Meero Khan
PK,Pakistan,PK7,Sindh,PK709,Kambar Shahdad Kot,PK70902,Nasir Abad
PK,Pakistan,PK7,Sindh,PK709,Kambar Shahdad Kot,PK70903,Qambar Ali Khan
PK,Pakistan,PK7,Sindh,PK709,Kambar Shahdad Kot,PK70904,Qubo Saeed Khan
PK,Pakistan,PK7,Sindh,PK709,Kambar Shahdad Kot,PK70905,Shahdad Kot
PK,Pakistan,PK7,Sindh,PK709,Kambar Shahdad Kot,PK70906,Sijawal Junejo
PK,Pakistan,PK7,Sindh,PK709,Kambar Shahdad Kot,PK70907,Warah
PK,Pakistan,PK7,Sindh,PK710,Kashmore,PK71001,Kandh Kot
PK,Pakistan,PK7,Sindh,PK710,Kashmore,PK71002,Kashmore
PK,Pakistan,PK7,Sindh,PK710,Kashmore,PK71003,Tangwani
PK,Pakistan,PK7,Sindh,PK711,Khairpur,PK71101,Faiz Ganj
PK,Pakistan,PK7,Sindh,PK711,Khairpur,PK71102,Gambat
PK,Pakistan,PK7,Sindh,PK711,Khairpur,PK71103,Khairpur
PK,Pakistan,PK7,Sindh,PK711,Khairpur,PK71104,Kingri
PK,Pakistan,PK7,Sindh,PK711,Khairpur,PK71105,Kot Diji
PK,Pakistan,PK7,Sindh,PK711,Khairpur,PK71106,Nara
PK,Pakistan,PK7,Sindh,PK711,Khairpur,PK71107,Sobho Dero
PK,Pakistan,PK7,Sindh,PK711,Khairpur,PK71108,Thari Meer Wah
PK,Pakistan,PK7,Sindh,PK712,Korangi Karachi,PK71201,Korangi Town
PK,Pakistan,PK7,Sindh,PK712,Korangi Karachi,PK71202,Landhi Town
PK,Pakistan,PK7,Sindh,PK712,Korangi Karachi,PK71203,Shah Faisal Town
PK,Pakistan,PK7,Sindh,PK713,Larkana,PK71301,Baqrani
PK,Pakistan,PK7,Sindh,PK713,Larkana,PK71302,Dokri
PK,Pakistan,PK7,Sindh,PK713,Larkana,PK71303,Larkana
PK,Pakistan,PK7,Sindh,PK713,Larkana,PK71304,Rato Dero
PK,Pakistan,PK7,Sindh,PK714,Malir Karachi,PK71401,Bin Qasim Town
PK,Pakistan,PK7,Sindh,PK714,Malir Karachi,PK71402,Gadap Town
PK,Pakistan,PK7,Sindh,PK714,Malir Karachi,PK71403,Malir Town
PK,Pakistan,PK7,Sindh,PK715,Matiari,PK71501,Hala
PK,Pakistan,PK7,Sindh,PK715,Matiari,PK71502,Matiari
PK,Pakistan,PK7,Sindh,PK715,Matiari,PK71503,Saeedabad
PK,Pakistan,PK7,Sindh,PK716,Mirpur Khas,PK71601,Digri
PK,Pakistan,PK7,Sindh,PK716,Mirpur Khas,PK71602,Hussain Bux Muree
PK,Pakistan,PK7,Sindh,PK716,Mirpur Khas,PK71603,Jhudo
PK,Pakistan,PK7,Sindh,PK716,Mirpur Khas,PK71604,Kot Ghulam Muhammad
PK,Pakistan,PK7,Sindh,PK716,Mirpur Khas,PK71605,Mirpur Khas
PK,Pakistan,PK7,Sindh,PK716,Mirpur Khas,PK71606,Shuja Abad
PK,Pakistan,PK7,Sindh,PK716,Mirpur Khas,PK71607,Sindhri
PK,Pakistan,PK7,Sindh,PK717,Naushahro Feroze,PK71701,Bhiria
PK,Pakistan,PK7,Sindh,PK717,Naushahro Feroze,PK71702,Kandiaro
PK,Pakistan,PK7,Sindh,PK717,Naushahro Feroze,PK71703,Mehrab Pur
PK,Pakistan,PK7,Sindh,PK717,Naushahro Feroze,PK71704,Moro
PK,Pakistan,PK7,Sindh,PK717,Naushahro Feroze,PK71705,Naushahro Feroze
PK,Pakistan,PK7,Sindh,PK718,Sanghar,PK71801,Jam Nawaz Ali
PK,Pakistan,PK7,Sindh,PK718,Sanghar,PK71802,Khipro
PK,Pakistan,PK7,Sindh,PK718,Sanghar,PK71803,Sanghar
PK,Pakistan,PK7,Sindh,PK718,Sanghar,PK71804,Shahdadpur
PK,Pakistan,PK7,Sindh,PK718,Sanghar,PK71805,Sinjhoro
PK,Pakistan,PK7,Sindh,PK718,Sanghar,PK71806,Tando Adam
PK,Pakistan,PK7,Sindh,PK719,Shaheed Benazir Abad,PK71901,Daulat Pur
PK,Pakistan,PK7,Sindh,PK719,Shaheed Benazir Abad,PK71902,Daur
PK,Pakistan,PK7,Sindh,PK719,Shaheed Benazir Abad,PK71903,Nawabshah
PK,Pakistan,PK7,Sindh,PK719,Shaheed Benazir Abad,PK71904,Sakrand
PK,Pakistan,PK7,Sindh,PK720,Shikarpur,PK72001,Garhi Yasin
PK,Pakistan,PK7,Sindh,PK720,Shikarpur,PK72002,Khanpur
PK,Pakistan,PK7,Sindh,PK720,Shikarpur,PK72003,Lakhi
PK,Pakistan,PK7,Sindh,PK720,Shikarpur,PK72004,Shikarpur
PK,Pakistan,PK7,Sindh,PK721,South Karachi,PK72101,Kemari Town
PK,Pakistan,PK7,Sindh,PK721,South Karachi,PK72102,Liyari Town
PK,Pakistan,PK7,Sindh,PK721,South Karachi,PK72103,Saddar Town
PK,Pakistan,PK7,Sindh,PK722,Sujawal,PK72201,Jati
PK,Pakistan,PK7,Sindh,PK722,Sujawal,PK72202,Kharo Chan
PK,Pakistan,PK7,Sindh,PK722,Sujawal,PK72203,Mirpur Bathoro
PK,Pakistan,PK7,Sindh,PK722,Sujawal,PK72204,Shah Bunder
PK,Pakistan,PK7,Sindh,PK722,Sujawal,PK72205,Sujawal
PK,Pakistan,PK7,Sindh,PK723,Sukkur,PK72301,New Sukkur
PK,Pakistan,PK7,Sindh,PK723,Sukkur,PK72302,Pano Aqil
PK,Pakistan,PK7,Sindh,PK723,Sukkur,PK72303,Rohri
PK,Pakistan,PK7,Sindh,PK723,Sukkur,PK72304,Salehpat
PK,Pakistan,PK7,Sindh,PK723,Sukkur,PK72305,Sukkur
PK,Pakistan,PK7,Sindh,PK724,Tando Allahyar,PK72401,Chamber
PK,Pakistan,PK7,Sindh,PK724,Tando Allahyar,PK72402,Jhando Mari
PK,Pakistan,PK7,Sindh,PK724,Tando Allahyar,PK72403,Tando Allahyar
PK,Pakistan,PK7,Sindh,PK725,Tando Muhammad Khan,PK72501,Bulri Shah Karim
PK,Pakistan,PK7,Sindh,PK725,Tando Muhammad Khan,PK72502,Tando Ghulam Hyder
PK,Pakistan,PK7,Sindh,PK725,Tando Muhammad Khan,PK72503,Tando Muhammad Khan
PK,Pakistan,PK7,Sindh,PK726,Tharparkar,PK72601,Chachro
PK,Pakistan,PK7,Sindh,PK726,Tharparkar,PK72602,Dahli
PK,Pakistan,PK7,Sindh,PK726,Tharparkar,PK72603,Diplo
PK,Pakistan,PK7,Sindh,PK726,Tharparkar,PK72604,Islam Kot
PK,Pakistan,PK7,Sindh,PK726,Tharparkar,PK72605,Mithi
PK,Pakistan,PK7,Sindh,PK726,Tharparkar,PK72606,Nagar Parkar
PK,Pakistan,PK7,Sindh,PK726,Tharparkar,PK72607,Kaloi
PK,Pakistan,PK7,Sindh,PK727,Thatta,PK72701,Ghorabari
PK,Pakistan,PK7,Sindh,PK727,Thatta,PK72702,Keti Bunder
PK,Pakistan,PK7,Sindh,PK727,Thatta,PK72703,Mirpur Sakro
PK,Pakistan,PK7,Sindh,PK727,Thatta,PK72704,Thatta
PK,Pakistan,PK7,Sindh,PK728,Umer Kot,PK72801,Kunri
PK,Pakistan,PK7,Sindh,PK728,Umer Kot,PK72802,Pithoro
PK,Pakistan,PK7,Sindh,PK728,Umer Kot,PK72803,Samaro
PK,Pakistan,PK7,Sindh,PK728,Umer Kot,PK72804,Umer Kot
PK,Pakistan,PK7,Sindh,PK729,West Karachi,PK72901,Baldia Town
PK,Pakistan,PK7,Sindh,PK729,West Karachi,PK72902,Orangi Town
PK,Pakistan,PK7,Sindh,PK729,West Karachi,PK72903,Site Town
